{
  "Get characters" : {
    "transaction" : "Get characters",
    "sampleCount" : 24958,
    "errorCount" : 4113,
    "errorPct" : 16.479687,
    "meanResTime" : 16692.35503646124,
    "medianResTime" : 1493.0,
    "minResTime" : 3.0,
    "maxResTime" : 220232.0,
    "pct1ResTime" : 68470.0,
    "pct2ResTime" : 111287.0,
    "pct3ResTime" : 217585.96000000002,
    "throughput" : 112.90760377836489,
    "receivedKBytesPerSec" : 76.57672467490093,
    "sentKBytesPerSec" : 12.60004985483922
  },
  "Delete character" : {
    "transaction" : "Delete character",
    "sampleCount" : 19959,
    "errorCount" : 0,
    "errorPct" : 0.0,
    "meanResTime" : 19.80595220201422,
    "medianResTime" : 2.0,
    "minResTime" : 1.0,
    "maxResTime" : 964.0,
    "pct1ResTime" : 82.0,
    "pct2ResTime" : 112.0,
    "pct3ResTime" : 205.0,
    "throughput" : 329.4869255150555,
    "receivedKBytesPerSec" : 80.1193793488758,
    "sentKBytesPerSec" : 69.50114835083201
  },
  "Total" : {
    "transaction" : "Total",
    "sampleCount" : 105471,
    "errorCount" : 4324,
    "errorPct" : 4.099705,
    "meanResTime" : 4131.545306292722,
    "medianResTime" : 6.0,
    "minResTime" : 0.0,
    "maxResTime" : 220232.0,
    "pct1ResTime" : 68470.0,
    "pct2ResTime" : 111287.0,
    "pct3ResTime" : 217585.96000000002,
    "throughput" : 477.14071151966994,
    "receivedKBytesPerSec" : 162.85678230802813,
    "sentKBytesPerSec" : 85.82528596730121
  },
  "Get character by id" : {
    "transaction" : "Get character by id",
    "sampleCount" : 20055,
    "errorCount" : 1,
    "errorPct" : 0.0049862876,
    "meanResTime" : 120.12341062079273,
    "medianResTime" : 2.0,
    "minResTime" : 0.0,
    "maxResTime" : 35875.0,
    "pct1ResTime" : 69.0,
    "pct2ResTime" : 112.0,
    "pct3ResTime" : 693.9900000000016,
    "throughput" : 260.167347733022,
    "receivedKBytesPerSec" : 59.729456018518526,
    "sentKBytesPerSec" : 33.02741089381851
  },
  "Create character" : {
    "transaction" : "Create character",
    "sampleCount" : 20538,
    "errorCount" : 210,
    "errorPct" : 1.0224949,
    "meanResTime" : 775.4199045671446,
    "medianResTime" : 5.0,
    "minResTime" : 0.0,
    "maxResTime" : 68116.0,
    "pct1ResTime" : 95.0,
    "pct2ResTime" : 1820.1000000000568,
    "pct3ResTime" : 27631.99,
    "throughput" : 222.06604242804318,
    "receivedKBytesPerSec" : 54.425361507417335,
    "sentKBytesPerSec" : 51.59057857405445
  },
  "Modify character" : {
    "transaction" : "Modify character",
    "sampleCount" : 19961,
    "errorCount" : 0,
    "errorPct" : 0.0,
    "meanResTime" : 21.064175141526018,
    "medianResTime" : 2.0,
    "minResTime" : 1.0,
    "maxResTime" : 779.0,
    "pct1ResTime" : 87.0,
    "pct2ResTime" : 120.0,
    "pct3ResTime" : 230.38000000000102,
    "throughput" : 329.5036233678337,
    "receivedKBytesPerSec" : 75.61850731586028,
    "sentKBytesPerSec" : 76.90563084464088
  }
}