{
  "Get characters" : {
    "transaction" : "Get characters",
    "sampleCount" : 2000,
    "errorCount" : 0,
    "errorPct" : 0.0,
    "meanResTime" : 1992.6225000000009,
    "medianResTime" : 1729.5,
    "minResTime" : 3.0,
    "maxResTime" : 5534.0,
    "pct1ResTime" : 4154.6,
    "pct2ResTime" : 4736.749999999999,
    "pct3ResTime" : 5430.95,
    "throughput" : 275.1410097675058,
    "receivedKBytesPerSec" : 88.33840087185307,
    "sentKBytesPerSec" : 34.66131861328931
  },
  "Delete character" : {
    "transaction" : "Delete character",
    "sampleCount" : 2000,
    "errorCount" : 0,
    "errorPct" : 0.0,
    "meanResTime" : 5.965999999999999,
    "medianResTime" : 3.0,
    "minResTime" : 1.0,
    "maxResTime" : 101.0,
    "pct1ResTime" : 11.0,
    "pct2ResTime" : 24.0,
    "pct3ResTime" : 55.0,
    "throughput" : 271.88689505165854,
    "receivedKBytesPerSec" : 66.11312194127242,
    "sentKBytesPerSec" : 57.351141924959215
  },
  "Total" : {
    "transaction" : "Total",
    "sampleCount" : 10000,
    "errorCount" : 0,
    "errorPct" : 0.0,
    "meanResTime" : 403.8360999999988,
    "medianResTime" : 5.0,
    "minResTime" : 1.0,
    "maxResTime" : 5534.0,
    "pct1ResTime" : 1729.8999999999996,
    "pct2ResTime" : 1936.949999999999,
    "pct3ResTime" : 4736.949999999999,
    "throughput" : 1356.3000135630002,
    "receivedKBytesPerSec" : 339.8091802437949,
    "sentKBytesPerSec" : 253.77644785026447
  },
  "Get character by id" : {
    "transaction" : "Get character by id",
    "sampleCount" : 2000,
    "errorCount" : 0,
    "errorPct" : 0.0,
    "meanResTime" : 5.954000000000008,
    "medianResTime" : 3.0,
    "minResTime" : 1.0,
    "maxResTime" : 103.0,
    "pct1ResTime" : 11.0,
    "pct2ResTime" : 23.0,
    "pct3ResTime" : 49.0,
    "throughput" : 273.3360666940003,
    "receivedKBytesPerSec" : 62.728491868252014,
    "sentKBytesPerSec" : 34.70086784201175
  },
  "Create character" : {
    "transaction" : "Create character",
    "sampleCount" : 2000,
    "errorCount" : 0,
    "errorPct" : 0.0,
    "meanResTime" : 8.021499999999998,
    "medianResTime" : 6.0,
    "minResTime" : 1.0,
    "maxResTime" : 110.0,
    "pct1ResTime" : 12.0,
    "pct2ResTime" : 20.0,
    "pct3ResTime" : 45.99000000000001,
    "throughput" : 274.1228070175439,
    "receivedKBytesPerSec" : 62.909042626096486,
    "sentKBytesPerSec" : 64.78292900219299
  },
  "Modify character" : {
    "transaction" : "Modify character",
    "sampleCount" : 2000,
    "errorCount" : 0,
    "errorPct" : 0.0,
    "meanResTime" : 6.616499999999995,
    "medianResTime" : 3.0,
    "minResTime" : 1.0,
    "maxResTime" : 101.0,
    "pct1ResTime" : 11.0,
    "pct2ResTime" : 29.0,
    "pct3ResTime" : 61.0,
    "throughput" : 271.96083763938,
    "receivedKBytesPerSec" : 62.41288754419364,
    "sentKBytesPerSec" : 64.00640807723688
  }
}