{
  "Get characters" : {
    "transaction" : "Get characters",
    "sampleCount" : 167130,
    "errorCount" : 0,
    "errorPct" : 0.0,
    "meanResTime" : 366.77826841380914,
    "medianResTime" : 269.0,
    "minResTime" : 0.0,
    "maxResTime" : 12244.0,
    "pct1ResTime" : 1534.0,
    "pct2ResTime" : 1622.0,
    "pct3ResTime" : 4372.850000000024,
    "throughput" : 249.49207396537594,
    "receivedKBytesPerSec" : 149.1127292454742,
    "sentKBytesPerSec" : 31.430153849153807
  },
  "Delete character" : {
    "transaction" : "Delete character",
    "sampleCount" : 163688,
    "errorCount" : 0,
    "errorPct" : 0.0,
    "meanResTime" : 4.113887395533021,
    "medianResTime" : 2.0,
    "minResTime" : 0.0,
    "maxResTime" : 136.0,
    "pct1ResTime" : 20.0,
    "pct2ResTime" : 26.0,
    "pct3ResTime" : 34.0,
    "throughput" : 244.36552118462518,
    "receivedKBytesPerSec" : 59.42091286618327,
    "sentKBytesPerSec" : 51.545852124881876
  },
  "Total" : {
    "transaction" : "Total",
    "sampleCount" : 822237,
    "errorCount" : 0,
    "errorPct" : 0.0,
    "meanResTime" : 78.20958312506133,
    "medianResTime" : 3.0,
    "minResTime" : 0.0,
    "maxResTime" : 12244.0,
    "pct1ResTime" : 262.0,
    "pct2ResTime" : 292.0,
    "pct3ResTime" : 323.0,
    "throughput" : 1227.4319135850387,
    "receivedKBytesPerSec" : 376.88263121861394,
    "sentKBytesPerSec" : 229.35761575185032
  },
  "Get character by id" : {
    "transaction" : "Get character by id",
    "sampleCount" : 163800,
    "errorCount" : 0,
    "errorPct" : 0.0,
    "meanResTime" : 3.8689560439560706,
    "medianResTime" : 2.0,
    "minResTime" : 0.0,
    "maxResTime" : 132.0,
    "pct1ResTime" : 17.0,
    "pct2ResTime" : 25.0,
    "pct3ResTime" : 35.0,
    "throughput" : 244.52870749111756,
    "receivedKBytesPerSec" : 56.1174279886842,
    "sentKBytesPerSec" : 31.04368356820828
  },
  "Create character" : {
    "transaction" : "Create character",
    "sampleCount" : 163872,
    "errorCount" : 0,
    "errorPct" : 0.0,
    "meanResTime" : 6.132353300136742,
    "medianResTime" : 5.0,
    "minResTime" : 0.0,
    "maxResTime" : 148.0,
    "pct1ResTime" : 16.0,
    "pct2ResTime" : 25.0,
    "pct3ResTime" : 43.0,
    "throughput" : 244.63254064221414,
    "receivedKBytesPerSec" : 56.14125688566438,
    "sentKBytesPerSec" : 57.81354964396077
  },
  "Modify character" : {
    "transaction" : "Modify character",
    "sampleCount" : 163747,
    "errorCount" : 0,
    "errorPct" : 0.0,
    "meanResTime" : 4.245030443305886,
    "medianResTime" : 2.0,
    "minResTime" : 0.0,
    "maxResTime" : 133.0,
    "pct1ResTime" : 23.0,
    "pct2ResTime" : 28.0,
    "pct3ResTime" : 38.0,
    "throughput" : 244.45177605866354,
    "receivedKBytesPerSec" : 56.099772825962816,
    "sentKBytesPerSec" : 57.53210745130655
  }
}