{
  "Get characters" : {
    "transaction" : "Get characters",
    "sampleCount" : 11240,
    "errorCount" : 288,
    "errorPct" : 2.5622776,
    "meanResTime" : 2848.6964412811344,
    "medianResTime" : 1456.0,
    "minResTime" : 1.0,
    "maxResTime" : 54565.0,
    "pct1ResTime" : 3368.4999999999945,
    "pct2ResTime" : 7362.599999999882,
    "pct3ResTime" : 35942.18,
    "throughput" : 200.85057717737038,
    "receivedKBytesPerSec" : 66.84875870010006,
    "sentKBytesPerSec" : 25.147138767154495
  },
  "Delete character" : {
    "transaction" : "Delete character",
    "sampleCount" : 10242,
    "errorCount" : 0,
    "errorPct" : 0.0,
    "meanResTime" : 3.7371607107986557,
    "medianResTime" : 2.0,
    "minResTime" : 1.0,
    "maxResTime" : 77.0,
    "pct1ResTime" : 4.0,
    "pct2ResTime" : 6.0,
    "pct3ResTime" : 50.0,
    "throughput" : 339.1727655065073,
    "receivedKBytesPerSec" : 82.47462754992218,
    "sentKBytesPerSec" : 71.54425522402887
  },
  "Total" : {
    "transaction" : "Total",
    "sampleCount" : 52256,
    "errorCount" : 288,
    "errorPct" : 0.55113286,
    "meanResTime" : 632.3507922535208,
    "medianResTime" : 3.0,
    "minResTime" : 1.0,
    "maxResTime" : 54565.0,
    "pct1ResTime" : 1459.0,
    "pct2ResTime" : 1506.0,
    "pct3ResTime" : 31602.950000000008,
    "throughput" : 933.7764911904507,
    "receivedKBytesPerSec" : 237.5517161757085,
    "sentKBytesPerSec" : 172.79842585705478
  },
  "Get character by id" : {
    "transaction" : "Get character by id",
    "sampleCount" : 10242,
    "errorCount" : 0,
    "errorPct" : 0.0,
    "meanResTime" : 3.5182581527045493,
    "medianResTime" : 2.0,
    "minResTime" : 1.0,
    "maxResTime" : 94.0,
    "pct1ResTime" : 4.0,
    "pct2ResTime" : 6.0,
    "pct3ResTime" : 43.0,
    "throughput" : 339.0941597139452,
    "receivedKBytesPerSec" : 77.81946048122765,
    "sentKBytesPerSec" : 43.049063244934445
  },
  "Create character" : {
    "transaction" : "Create character",
    "sampleCount" : 10290,
    "errorCount" : 0,
    "errorPct" : 0.0,
    "meanResTime" : 88.60359572400384,
    "medianResTime" : 5.0,
    "minResTime" : 1.0,
    "maxResTime" : 19528.0,
    "pct1ResTime" : 7.0,
    "pct2ResTime" : 10.0,
    "pct3ResTime" : 50.54000000000087,
    "throughput" : 289.4840488381252,
    "receivedKBytesPerSec" : 66.43432761421819,
    "sentKBytesPerSec" : 67.84782394643561
  },
  "Modify character" : {
    "transaction" : "Modify character",
    "sampleCount" : 10242,
    "errorCount" : 0,
    "errorPct" : 0.0,
    "meanResTime" : 3.7818785393477725,
    "medianResTime" : 2.0,
    "minResTime" : 1.0,
    "maxResTime" : 84.0,
    "pct1ResTime" : 4.0,
    "pct2ResTime" : 6.0,
    "pct3ResTime" : 51.56999999999971,
    "throughput" : 339.1053868820978,
    "receivedKBytesPerSec" : 77.82203702860643,
    "sentKBytesPerSec" : 79.14666744611462
  }
}