{
  "Get characters" : {
    "transaction" : "Get characters",
    "sampleCount" : 100,
    "errorCount" : 0,
    "errorPct" : 0.0,
    "meanResTime" : 2.390000000000001,
    "medianResTime" : 2.0,
    "minResTime" : 1.0,
    "maxResTime" : 6.0,
    "pct1ResTime" : 4.0,
    "pct2ResTime" : 4.949999999999989,
    "pct3ResTime" : 6.0,
    "throughput" : 100.90817356205852,
    "receivedKBytesPerSec" : 31.372193491422806,
    "sentKBytesPerSec" : 12.712064833501513
  },
  "Delete character" : {
    "transaction" : "Delete character",
    "sampleCount" : 100,
    "errorCount" : 0,
    "errorPct" : 0.0,
    "meanResTime" : 1.5300000000000002,
    "medianResTime" : 1.0,
    "minResTime" : 0.0,
    "maxResTime" : 6.0,
    "pct1ResTime" : 3.0,
    "pct2ResTime" : 3.9499999999999886,
    "pct3ResTime" : 5.97999999999999,
    "throughput" : 101.41987829614604,
    "receivedKBytesPerSec" : 24.66166962474645,
    "sentKBytesPerSec" : 21.393255578093306
  },
  "Total" : {
    "transaction" : "Total",
    "sampleCount" : 500,
    "errorCount" : 0,
    "errorPct" : 0.0,
    "meanResTime" : 1.5679999999999998,
    "medianResTime" : 1.0,
    "minResTime" : 0.0,
    "maxResTime" : 9.0,
    "pct1ResTime" : 3.0,
    "pct2ResTime" : 3.0,
    "pct3ResTime" : 5.0,
    "throughput" : 502.5125628140703,
    "receivedKBytesPerSec" : 124.87829773869346,
    "sentKBytesPerSec" : 94.02481155778895
  },
  "Get character by id" : {
    "transaction" : "Get character by id",
    "sampleCount" : 100,
    "errorCount" : 0,
    "errorPct" : 0.0,
    "meanResTime" : 1.1800000000000008,
    "medianResTime" : 1.0,
    "minResTime" : 0.0,
    "maxResTime" : 3.0,
    "pct1ResTime" : 2.0,
    "pct2ResTime" : 3.0,
    "pct3ResTime" : 3.0,
    "throughput" : 101.31712259371834,
    "receivedKBytesPerSec" : 23.251488095238095,
    "sentKBytesPerSec" : 12.862525329280649
  },
  "Create character" : {
    "transaction" : "Create character",
    "sampleCount" : 100,
    "errorCount" : 0,
    "errorPct" : 0.0,
    "meanResTime" : 1.42,
    "medianResTime" : 1.0,
    "minResTime" : 0.0,
    "maxResTime" : 9.0,
    "pct1ResTime" : 2.0,
    "pct2ResTime" : 3.0,
    "pct3ResTime" : 8.949999999999974,
    "throughput" : 101.31712259371834,
    "receivedKBytesPerSec" : 23.251488095238095,
    "sentKBytesPerSec" : 23.944085612968593
  },
  "Modify character" : {
    "transaction" : "Modify character",
    "sampleCount" : 100,
    "errorCount" : 0,
    "errorPct" : 0.0,
    "meanResTime" : 1.3199999999999998,
    "medianResTime" : 1.0,
    "minResTime" : 0.0,
    "maxResTime" : 4.0,
    "pct1ResTime" : 2.0,
    "pct2ResTime" : 3.0,
    "pct3ResTime" : 4.0,
    "throughput" : 101.31712259371834,
    "receivedKBytesPerSec" : 23.251488095238095,
    "sentKBytesPerSec" : 23.845143110435664
  }
}