{
  "Get characters" : {
    "transaction" : "Get characters",
    "sampleCount" : 430725,
    "errorCount" : 0,
    "errorPct" : 0.0,
    "meanResTime" : 1068.6318997039834,
    "medianResTime" : 1423.0,
    "minResTime" : 33.0,
    "maxResTime" : 2154.0,
    "pct1ResTime" : 1467.0,
    "pct2ResTime" : 1479.0,
    "pct3ResTime" : 1506.0,
    "throughput" : 358.5816077543039,
    "receivedKBytesPerSec" : 115.17890271249534,
    "sentKBytesPerSec" : 45.17287832061054
  },
  "Delete character" : {
    "transaction" : "Delete character",
    "sampleCount" : 430226,
    "errorCount" : 0,
    "errorPct" : 0.0,
    "meanResTime" : 10.045220419035664,
    "medianResTime" : 2.0,
    "minResTime" : 0.0,
    "maxResTime" : 377.0,
    "pct1ResTime" : 16.0,
    "pct2ResTime" : 21.0,
    "pct3ResTime" : 207.0,
    "throughput" : 358.4753635988685,
    "receivedKBytesPerSec" : 87.16832571886547,
    "sentKBytesPerSec" : 75.61589700913632
  },
  "Total" : {
    "transaction" : "Total",
    "sampleCount" : 2151636,
    "errorCount" : 0,
    "errorPct" : 0.0,
    "meanResTime" : 222.03635140888193,
    "medianResTime" : 4.0,
    "minResTime" : 0.0,
    "maxResTime" : 2154.0,
    "pct1ResTime" : 1418.0,
    "pct2ResTime" : 1442.0,
    "pct3ResTime" : 1472.0,
    "throughput" : 1791.2521822091574,
    "receivedKBytesPerSec" : 448.8624101451705,
    "sentKBytesPerSec" : 332.336594731812
  },
  "Get character by id" : {
    "transaction" : "Get character by id",
    "sampleCount" : 430228,
    "errorCount" : 0,
    "errorPct" : 0.0,
    "meanResTime" : 8.966724620433727,
    "medianResTime" : 2.0,
    "minResTime" : 0.0,
    "maxResTime" : 418.0,
    "pct1ResTime" : 14.0,
    "pct2ResTime" : 20.0,
    "pct3ResTime" : 166.9900000000016,
    "throughput" : 358.4229749003612,
    "receivedKBytesPerSec" : 82.25527256014149,
    "sentKBytesPerSec" : 45.50291673539742
  },
  "Create character" : {
    "transaction" : "Create character",
    "sampleCount" : 430230,
    "errorCount" : 0,
    "errorPct" : 0.0,
    "meanResTime" : 10.848822722729665,
    "medianResTime" : 5.0,
    "minResTime" : 1.0,
    "maxResTime" : 515.0,
    "pct1ResTime" : 13.0,
    "pct2ResTime" : 24.0,
    "pct3ResTime" : 159.0,
    "throughput" : 358.4204606989628,
    "receivedKBytesPerSec" : 82.25469557056276,
    "sentKBytesPerSec" : 83.30475551401675
  },
  "Modify character" : {
    "transaction" : "Modify character",
    "sampleCount" : 430227,
    "errorCount" : 0,
    "errorPct" : 0.0,
    "meanResTime" : 10.710606261345593,
    "medianResTime" : 2.0,
    "minResTime" : 0.0,
    "maxResTime" : 415.0,
    "pct1ResTime" : 17.0,
    "pct2ResTime" : 22.0,
    "pct3ResTime" : 198.0,
    "throughput" : 358.44603151327715,
    "receivedKBytesPerSec" : 82.2605638726759,
    "sentKBytesPerSec" : 82.96065377797528
  }
}