{
  "Get characters" : {
    "transaction" : "Get characters",
    "sampleCount" : 20000,
    "errorCount" : 566,
    "errorPct" : 2.83,
    "meanResTime" : 8860.067850000052,
    "medianResTime" : 1517.0,
    "minResTime" : 2.0,
    "maxResTime" : 68386.0,
    "pct1ResTime" : 32893.80000000002,
    "pct2ResTime" : 54697.850000000006,
    "pct3ResTime" : 68151.0,
    "throughput" : 266.10606987945397,
    "receivedKBytesPerSec" : 98.70753789100961,
    "sentKBytesPerSec" : 32.5744234229889
  },
  "Delete character" : {
    "transaction" : "Delete character",
    "sampleCount" : 20000,
    "errorCount" : 0,
    "errorPct" : 0.0,
    "meanResTime" : 19.53489999999984,
    "medianResTime" : 2.0,
    "minResTime" : 0.0,
    "maxResTime" : 616.0,
    "pct1ResTime" : 55.0,
    "pct2ResTime" : 129.0,
    "pct3ResTime" : 300.0,
    "throughput" : 266.1202331213242,
    "receivedKBytesPerSec" : 64.71087699922825,
    "sentKBytesPerSec" : 56.13473667402933
  },
  "Total" : {
    "transaction" : "Total",
    "sampleCount" : 100000,
    "errorCount" : 566,
    "errorPct" : 0.566,
    "meanResTime" : 1814.2376699999966,
    "medianResTime" : 3.0,
    "minResTime" : 0.0,
    "maxResTime" : 68386.0,
    "pct1ResTime" : 866.0,
    "pct2ResTime" : 54573.850000000006,
    "pct3ResTime" : 68151.0,
    "throughput" : 1330.2825520140477,
    "receivedKBytesPerSec" : 346.5582082798449,
    "sentKBytesPerSec" : 246.92052580249296
  },
  "Get character by id" : {
    "transaction" : "Get character by id",
    "sampleCount" : 20000,
    "errorCount" : 0,
    "errorPct" : 0.0,
    "meanResTime" : 18.18755000000015,
    "medianResTime" : 2.0,
    "minResTime" : 0.0,
    "maxResTime" : 836.0,
    "pct1ResTime" : 42.0,
    "pct2ResTime" : 118.0,
    "pct3ResTime" : 259.9900000000016,
    "throughput" : 266.10961054858495,
    "receivedKBytesPerSec" : 61.070076639567844,
    "sentKBytesPerSec" : 33.783446651675824
  },
  "Create character" : {
    "transaction" : "Create character",
    "sampleCount" : 20000,
    "errorCount" : 0,
    "errorPct" : 0.0,
    "meanResTime" : 149.54610000000108,
    "medianResTime" : 5.0,
    "minResTime" : 1.0,
    "maxResTime" : 12617.0,
    "pct1ResTime" : 81.0,
    "pct2ResTime" : 228.0,
    "pct3ResTime" : 5239.960000000006,
    "throughput" : 266.10606987945397,
    "receivedKBytesPerSec" : 61.06926408366375,
    "sentKBytesPerSec" : 62.368610127997016
  },
  "Modify character" : {
    "transaction" : "Modify character",
    "sampleCount" : 20000,
    "errorCount" : 0,
    "errorPct" : 0.0,
    "meanResTime" : 23.85194999999999,
    "medianResTime" : 2.0,
    "minResTime" : 1.0,
    "maxResTime" : 602.0,
    "pct1ResTime" : 67.90000000000146,
    "pct2ResTime" : 158.0,
    "pct3ResTime" : 341.0,
    "throughput" : 266.10606987945397,
    "receivedKBytesPerSec" : 61.06926408366375,
    "sentKBytesPerSec" : 62.10874091913036
  }
}