{
  "Get characters" : {
    "transaction" : "Get characters",
    "sampleCount" : 861170,
    "errorCount" : 0,
    "errorPct" : 0.0,
    "meanResTime" : 1160.1073702056274,
    "medianResTime" : 156.0,
    "minResTime" : 1.0,
    "maxResTime" : 2172.0,
    "pct1ResTime" : 287.0,
    "pct2ResTime" : 296.0,
    "pct3ResTime" : 310.0,
    "throughput" : 358.8890222475604,
    "receivedKBytesPerSec" : 115.19007703260495,
    "sentKBytesPerSec" : 45.21160534173368
  },
  "Delete character" : {
    "transaction" : "Delete character",
    "sampleCount" : 860673,
    "errorCount" : 0,
    "errorPct" : 0.0,
    "meanResTime" : 5.462098845903058,
    "medianResTime" : 2.0,
    "minResTime" : 0.0,
    "maxResTime" : 834.0,
    "pct1ResTime" : 4.0,
    "pct2ResTime" : 9.0,
    "pct3ResTime" : 14.0,
    "throughput" : 358.70791082659196,
    "receivedKBytesPerSec" : 87.22487284748185,
    "sentKBytesPerSec" : 75.66494993998425
  },
  "Total" : {
    "transaction" : "Total",
    "sampleCount" : 4303878,
    "errorCount" : 14,
    "errorPct" : 3.2528804E-4,
    "meanResTime" : 236.90717325164425,
    "medianResTime" : 3.0,
    "minResTime" : 0.0,
    "maxResTime" : 2172.0,
    "pct1ResTime" : 124.0,
    "pct2ResTime" : 135.0,
    "pct3ResTime" : 155.0,
    "throughput" : 1793.6232884248006,
    "receivedKBytesPerSec" : 449.30374783904256,
    "sentKBytesPerSec" : 334.18873674539833
  },
  "Get character by id" : {
    "transaction" : "Get character by id",
    "sampleCount" : 860677,
    "errorCount" : 0,
    "errorPct" : 0.0,
    "meanResTime" : 5.19153178253861,
    "medianResTime" : 2.0,
    "minResTime" : 0.0,
    "maxResTime" : 486.0,
    "pct1ResTime" : 4.0,
    "pct2ResTime" : 8.0,
    "pct3ResTime" : 15.0,
    "throughput" : 358.70509293990165,
    "receivedKBytesPerSec" : 82.29192714845378,
    "sentKBytesPerSec" : 45.53873250213595
  },
  "Create character" : {
    "transaction" : "Create character",
    "sampleCount" : 860682,
    "errorCount" : 14,
    "errorPct" : 0.001626617,
    "meanResTime" : 7.5079378911143175,
    "medianResTime" : 5.0,
    "minResTime" : 0.0,
    "maxResTime" : 835.0,
    "pct1ResTime" : 7.0,
    "pct2ResTime" : 10.0,
    "pct3ResTime" : 20.0,
    "throughput" : 358.7044858378157,
    "receivedKBytesPerSec" : 82.33025887032814,
    "sentKBytesPerSec" : 84.06999634911466
  },
  "Modify character" : {
    "transaction" : "Modify character",
    "sampleCount" : 860676,
    "errorCount" : 0,
    "errorPct" : 0.0,
    "meanResTime" : 5.738102375342047,
    "medianResTime" : 2.0,
    "minResTime" : 0.0,
    "maxResTime" : 833.0,
    "pct1ResTime" : 4.0,
    "pct2ResTime" : 10.0,
    "pct3ResTime" : 16.0,
    "throughput" : 358.70676914844046,
    "receivedKBytesPerSec" : 82.28761685671876,
    "sentKBytesPerSec" : 83.72159943991922
  }
}